,ID,post_title
0,1,Hello world!
23,12,Bingに聞いてブログを書いてみた!
35,16,PageSpeed Insightsでシン・クラウド for Freeを測定してみた。
47,40,【WorldPress入門】テーマCocoonを入れて、これだけやれば、それなりのものになる！
66,109,お問い合わせ
75,98,プライバシーポリシー
84,119,プロフィール
99,61,【WorldPress入門】スパムコメント対策
115,95,【WordPress入門】Googleアドセンスに申し込んでみた！
137,291,【WordPress】パーマリンク設定で変わってしまったURLをリダイレクトしてみる。しかし・・・
154,177,シン・クラウド for FreeとUpdraftPlusでサーバー移行の練習をした！
163,334,【シン・クラウド for Free】EWWW Image Optimizerでうまくいかなかった。
179,398,シン・クラウド for FreeにHtml、CSS、Javascriptをアップロードしてみた。
273,442,Googleアドセンス不合格の原因を考察
323,480,Edgeを使って任意の英語の文を音読させる方法！
336,519,ChatGpt3.5で英語の練習
356,583,洋楽(Heart - These Dreams)で英語学習
368,667,シン・クラウド for FreeでPythonで掲示板を作ってみた！
457,741,CursorでPythonを使ってみたけどAnacondaだとできないことがある。
490,763,作った年賀状をセブンイレブンで印刷してみた！
503,818,【シン・クラウド for Free】「お客様のサーバーアカウントにおける不正なアクセスの検知および制限の実施について」というメールが来たので調べた
559,931,シン・クラウド for Freeでads.txt ファイルを設置しました！
583,974,シン・クラウド for FreeのCronを使って定期実行してみた！
613,1059,シン・クラウド for FreeのアクセスログをPythonで解析する方法
620,1014,シン・クラウド for FreeにSSH接続してみた！（Windows11）
